{
    "focusDistance": 0.75,
    "baseline": 0.03500000014901161,
    "left_uv_to_rect_x": [
        -0.8725712299346924,
        1.4514660835266114,
        -0.6463490128517151,
        0.239639014005661,
        0.0328979454934597,
        0.7045940160751343,
        -1.0611472129821778,
        0.6267725229263306,
        0.03629040718078613,
        -0.6810554265975952,
        1.1607744693756104,
        -0.6107085347175598,
        -0.1307181566953659,
        0.7468660473823547,
        -0.9528909921646118,
        0.4954622685909271
    ],
    "left_uv_to_rect_y": [
        -0.4035640060901642,
        0.14476771652698518,
        -0.26325762271881106,
        -0.07070177048444748,
        0.9425393342971802,
        0.2600615918636322,
        -0.6375584602355957,
        0.3292097747325897,
        -0.039608657360076907,
        -1.44565749168396,
        1.7510013580322266,
        -0.5190396308898926,
        0.15437154471874238,
        0.6319102048873901,
        -0.6819887757301331,
        0.043756525963544849
    ],
    "right_uv_to_rect_x": [
        -0.8661478161811829,
        1.6066313982009888,
        -0.42350825667381289,
        0.16676047444343568,
        -0.4126534163951874,
        3.0653038024902345,
        -6.753869533538818,
        3.766613483428955,
        1.14578115940094,
        -8.112741470336914,
        16.08662986755371,
        -9.112227439880371,
        -0.8006046414375305,
        5.272237777709961,
        -10.211627960205079,
        5.821474075317383
    ],
    "right_uv_to_rect_y": [
        -0.3755042850971222,
        0.04160656780004501,
        0.2797049582004547,
        -0.022244757041335107,
        1.0723398923873902,
        0.23362207412719727,
        -1.1420395374298096,
        0.6765990257263184,
        -0.08548837900161743,
        -1.7681418657302857,
        3.173485517501831,
        -1.4734009504318238,
        0.08310170471668244,
        1.0238240957260132,
        -1.6811264753341675,
        0.7440069317817688
    ],
    "left_eye_offset": [
        -0.17000000178813935,
        0.15000006556510926
    ],
    "right_eye_offset": [
        -0.18000000715255738,
        0.10000000149011612
    ],
    "localPositionLeapMotion": [
        -0.011676967144012452,
        0.020971860736608506,
        0.06441786885261536
    ],
    "localRotationLeapMotion": [
        0.18480169773101808,
        -0.01611393876373768,
        -0.009121107868850232,
        0.9826014041900635
    ]
}