{
    "rigToUse": 0,
    "targetFrameRate": 0,
    "reprojectionSettings": 0,
    "nativeShaderToUse": 0,
    "myOffsets": {
        "TranslationEyeToLeapMotion": {
            "x": 0.032,
            "y": 0.0,
            "z": 0.025
        },
        "RotationEyeToLeapMotion": {
            "x": 0.0,
            "y": 0.0,
            "z": 0.0,
            "w": 1.0
        },
        "TranslationFromTracker": {
            "x": 0.0,
            "y": 0.0,
            "z": 0.0
        },
        "RotationFromTracker": {
            "x": 0.0,
            "y": 0.0,
            "z": 0.0,
            "w": 1.0
        },
        "RGBSensorTranslationFromTracker": {
            "x": 0.0,
            "y": 0.0,
            "z": 0.0
        },
        "RGBSensorRotationFromTracker": {
            "x": 0.0,
            "y": 0.0,
            "z": 0.0,
            "w": 1.0
        }
    },
    "v2CalibrationValues": {
        "left_uv_to_rect_x": [
            -0.6252081207408375, 0.3324834175501035, 1.2998904070852806, -0.8253355809102412, -1.0325636902559125, 7.521162072011144, -13.799334134474122, 7.85587607892546, 2.126148879412643, -14.11308059779235, 26.341620482562504, -14.93004508306992, -1.3233585157739092, 8.506293354011756, -15.60645063696842, 8.893976748742622
        ],
        "left_uv_to_rect_y": [
            -0.37523154753512805, -0.3426248772766492, 0.7635243359852394, -0.6682243585330515, 0.3815100913012029, 4.0495915950477395, -7.806105248700146, 4.4739893819163274, 1.0507722887605222, -8.660529020859077, 15.536046602791032, -8.56528801225746, -0.49271399084144335, 4.902211534650011, -8.764571172672094, 4.75747627352522
        ],
        "right_uv_to_rect_x": [
            -0.7759054969920829, 1.7485949053466223, -0.8957473186193962, 0.513479418687308, -0.06296022639525212, 0.5289550271340435, -1.9657267483600047, 0.9775575666058367, 0.34445590755552347, -2.996290352169342, 6.617568217944317, -3.725684267469736, -0.33747774122842644, 2.327508946923674, -4.799829392110841, 2.7676337761261056
        ],
        "right_uv_to_rect_y": [
            -0.4015586843756636, 0.07882957259148493, 0.18848803760749147, 0.03440302462717415, 1.1625459509021234, -0.08716038833929458, -0.47248954358872286, 0.2951107310489705, -0.28124601399724974, -0.8912697607801141, 1.6107136933981403, -0.6361001222423588, 0.19606836276429307, 0.5201933682241873, -0.8043093763378703, 0.28155841909454243
        ],
        "left_eye_offset": [
            0.0,
            0.0
        ],
        "right_eye_offset": [
            0.0,
            0.0
        ]
    },
    "v1CalibrationValues": {
        "leftEye": {
            "ellipseMinorAxis": 0.24494899809360505,
            "ellipseMajorAxis": 0.3099985122680664,
            "screenForward": {
                "x": 0.5140379071235657,
                "y": -0.2891080379486084,
                "z": 0.8075775504112244
            },
            "screenPosition": {
                "x": -0.07188151031732559,
                "y": -0.008429261855781079,
                "z": 0.026248455047607423
            },
            "eyePosition": {
                "x": -0.029943088069558145,
                "y": -0.003366167191416025,
                "z": -0.00427968380972743
            },
            "eyeRotation": {
                "x": 7.395533370627759e-32,
                "y": 1.7763568394002506e-15,
                "z": 1.1241009818395605e-14,
                "w": 1.0
            },
            "cameraProjection": {
                "x": -0.699999988079071,
                "y": 0.699999988079071,
                "z": 0.30000001192092898,
                "w": -1.399999976158142
            },
            "sphereToWorldSpace": {
                "e00": 0.05101080238819122,
                "e01": 0.06071346998214722,
                "e02": 0.29330453276634219,
                "e03": -0.11233785003423691,
                "e10": 0.0,
                "e11": 0.23695310950279237,
                "e12": -0.07855913043022156,
                "e13": 0.026850363239645959,
                "e20": -0.23957861959934236,
                "e21": 0.012927045114338398,
                "e22": 0.062450066208839419,
                "e23": -0.046845193952322009,
                "e30": 0.0,
                "e31": 0.0,
                "e32": 0.0,
                "e33": 1.0
            },
            "worldToScreenSpace": {
                "e00": 1.8454549312591553,
                "e01": 14.493172645568848,
                "e02": 4.013805866241455,
                "e03": 0.14946463704109193,
                "e10": -14.294207572937012,
                "e11": -0.6365562677383423,
                "e12": 8.87063980102539,
                "e13": -1.265695571899414,
                "e20": 0.5140379071235657,
                "e21": -0.2891080975532532,
                "e22": 0.8075775504112244,
                "e23": 0.013315193355083466,
                "e30": 0.0,
                "e31": 0.0,
                "e32": 0.0,
                "e33": 1.0
            }
        },
        "rightEye": {
            "ellipseMinorAxis": 0.24494899809360505,
            "ellipseMajorAxis": 0.3099985122680664,
            "screenForward": {
                "x": -0.42177313566207888,
                "y": -0.18166834115982057,
                "z": 0.8883152604103088
            },
            "screenPosition": {
                "x": 0.07054391503334046,
                "y": -0.009491059929132462,
                "z": 0.028982438147068025
            },
            "eyePosition": {
                "x": 0.029943088069558145,
                "y": -0.003366167191416025,
                "z": -0.00427968380972743
            },
            "eyeRotation": {
                "x": 7.395533370627759e-32,
                "y": 1.7763568394002506e-15,
                "z": 1.1241009818395605e-14,
                "w": 1.0
            },
            "cameraProjection": {
                "x": -0.699999988079071,
                "y": 0.699999988079071,
                "z": 0.30000001192092898,
                "w": -1.399999976158142
            },
            "sphereToWorldSpace": {
                "e00": 0.05101081356406212,
                "e01": -0.060713451355695727,
                "e02": -0.29330453276634219,
                "e03": 0.11538401991128922,
                "e10": 0.0,
                "e11": 0.23695312440395356,
                "e12": -0.07855910062789917,
                "e13": 0.025588704273104669,
                "e20": 0.23957861959934236,
                "e21": 0.0129270413890481,
                "e22": 0.062450066208839419,
                "e23": -0.04654233157634735,
                "e30": 0.0,
                "e31": 0.0,
                "e32": 0.0,
                "e33": 1.0
            },
            "worldToScreenSpace": {
                "e00": -1.1463184356689454,
                "e01": 14.899345397949219,
                "e02": 2.502774715423584,
                "e03": 0.1497398465871811,
                "e10": -15.211103439331055,
                "e11": 0.041456401348114017,
                "e12": -7.213770389556885,
                "e13": 1.2825169563293458,
                "e20": -0.42177313566207888,
                "e21": -0.18166831135749818,
                "e22": 0.8883152604103088,
                "e23": 0.002283765934407711,
                "e30": 0.0,
                "e31": 0.0,
                "e32": 0.0,
                "e33": 1.0
            }
        }
    },
    "displayWindowSettings": {
        "DisplayXLoc": 0,
        "DisplayYLoc": 1080,
        "DisplayWidth": 2880,
        "DisplayHeight": 1600,
        "EyeTextureWidth": 1600,
        "EyeTextureHeight": 1440
    },
    "sensorModuleCalibrations": {
        "camID": 0,
        "fx": 0.0,
        "fy": 0.0,
        "cx": 0.0,
        "cy": 0.0,
        "d1": 0.0,
        "d2": 0.0,
        "d3": 0.0,
        "d4": 0.0,
        "SensorWidth": 0,
        "SensorHeight": 0,