{
    "rigToUse": 4,
    "targetFrameRate": 120,
    "reprojectionSettings": 0,
    "nativeShaderToUse": 0,
    "myOffsets": {
        "TranslationEyeToLeapMotion": {
            "x": 0.0,
            "y": 0.06300000101327896,
            "z": 0.05510000139474869
        },
        "RotationEyeToLeapMotion": {
            "x": 0.1940000057220459,
            "y": 0.0,
            "z": 0.0,
            "w": 0.9810000061988831
        },
        "TranslationFromTracker": {
            "x": 0.0,
            "y": 0.0,
            "z": 0.0
        },
        "RotationFromTracker": {
            "x": 0.0,
            "y": 0.0,
            "z": 0.0,
            "w": 1.0
        },
        "RGBSensorTranslationFromTracker": {
            "x": 0.0010000000474974514,
            "y": -0.0017000000225380064,
            "z": -0.050999999046325687
        },
        "RGBSensorRotationFromTracker": {
            "x": 0.3269999921321869,
            "y": 0.0560000017285347,
            "z": 0.05000000074505806,
            "w": 0.9419999718666077
        }
    },
    "v2CalibrationValues": {
        "left_uv_to_rect_x": [
            -0.529013454914093,
            0.22065946459770204,
            -0.2943398356437683,
            -0.13661788403987885,
            1.243316650390625,
            -0.5615103840827942,
            0.10437393188476563,
            0.3586406111717224,
            -0.6149823069572449,
            0.4775189459323883,
            0.39809900522232058,
            -0.7623283267021179,
            0.41314807534217837,
            -0.3495556116104126,
            -0.20515498518943788,
            0.4412212669849396
        ],
        "left_uv_to_rect_y": [
            -0.5925472378730774,
            1.1852365732192994,
            -0.41979965567588808,
            0.25533655285835268,
            0.1421617567539215,
            0.09189115464687348,
            -0.1366964727640152,
            0.12215413898229599,
            -0.2627681493759155,
            0.6309897303581238,
            -0.6417997479438782,
            0.2814127802848816,
            0.05559856444597244,
            -0.035956576466560367,
            0.03818173334002495,
            0.08984263241291046
        ],
        "right_uv_to_rect_x": [
            -0.47418954968452456,
            0.19028900563716889,
            -0.011895894072949887,
            0.12014015763998032,
            1.223149061203003,
            -0.7091174721717835,
            0.5897850394248962,
            -0.0692603588104248,
            -0.6542814373970032,
            1.0721098184585572,
            -0.9264190793037415,
            0.12279625982046128,
            0.4712701439857483,
            -0.6802431344985962,
            0.4228893220424652,
            0.10640080273151398
        ],
        "right_uv_to_rect_y": [
            -0.6284229755401611,
            1.7548726797103882,
            -1.0109063386917115,
            0.6854080557823181,
            0.21806418895721436,
            -1.531370997428894,
            2.0485126972198488,
            -1.4299890995025635,
            -0.20929938554763795,
            1.7150641679763795,
            -3.142594337463379,
            2.1410868167877199,
            0.04313863813877106,
            -0.8793078064918518,
            1.8392502069473267,
            -1.1781411170959473
        ],
        "left_eye_offset": [
            0.0,
            0.0
        ],
        "right_eye_offset": [
            0.0,
            0.0
        ]
    },
    "v1CalibrationValues": {
        "leftEye": {
            "ellipseMinorAxis": 0.24494899809360505,
            "ellipseMajorAxis": 0.3099985122680664,
            "screenForward": {
                "x": 0.5140379071235657,
                "y": -0.2891080379486084,
                "z": 0.8075775504112244
            },
            "screenPosition": {
                "x": -0.07188151031732559,
                "y": -0.008429261855781079,
                "z": 0.026248455047607423
            },
            "eyePosition": {
                "x": -0.029943088069558145,
                "y": -0.003366167191416025,
                "z": -0.00427968380972743
            },
            "eyeRotation": {
                "x": 7.395533370627759e-32,
                "y": 1.7763568394002506e-15,
                "z": 1.1241009818395605e-14,
                "w": 1.0
            },
            "cameraProjection": {
                "x": -0.699999988079071,
                "y": 0.699999988079071,
                "z": 0.30000001192092898,
                "w": -1.399999976158142
            },
            "sphereToWorldSpace": {
                "e00": 0.05101080238819122,
                "e01": 0.06071346998214722,
                "e02": 0.29330453276634219,
                "e03": -0.11233785003423691,
                "e10": 0.0,
                "e11": 0.23695310950279237,
                "e12": -0.07855913043022156,
                "e13": 0.026850363239645959,
                "e20": -0.23957861959934236,
                "e21": 0.012927045114338398,
                "e22": 0.062450066208839419,
                "e23": -0.046845193952322009,
                "e30": 0.0,
                "e31": 0.0,
                "e32": 0.0,
                "e33": 1.0
            },
            "worldToScreenSpace": {
                "e00": 1.8454549312591553,
                "e01": 14.493172645568848,
                "e02": 4.013805866241455,
                "e03": 0.14946463704109193,
                "e10": -14.294207572937012,
                "e11": -0.6365562677383423,
                "e12": 8.87063980102539,
                "e13": -1.265695571899414,
                "e20": 0.5140379071235657,
                "e21": -0.2891080975532532,
                "e22": 0.8075775504112244,
                "e23": 0.013315193355083466,
                "e30": 0.0,
                "e31": 0.0,
                "e32": 0.0,
                "e33": 1.0
            }
        },
        "rightEye": {
            "ellipseMinorAxis": 0.24494899809360505,
            "ellipseMajorAxis": 0.3099985122680664,
            "screenForward": {
                "x": -0.42177313566207888,
                "y": -0.18166834115982057,
                "z": 0.8883152604103088
            },
            "screenPosition": {
                "x": 0.07054391503334046,
                "y": -0.009491059929132462,
                "z": 0.028982438147068025
            },
            "eyePosition": {
                "x": 0.029943088069558145,
                "y": -0.003366167191416025,
                "z": -0.00427968380972743
            },
            "eyeRotation": {
                "x": 7.395533370627759e-32,
                "y": 1.7763568394002506e-15,
                "z": 1.1241009818395605e-14,
                "w": 1.0
            },
            "cameraProjection": {
                "x": -0.699999988079071,
                "y": 0.699999988079071,
                "z": 0.30000001192092898,
                "w": -1.399999976158142
            },
            "sphereToWorldSpace": {
                "e00": 0.05101081356406212,
                "e01": -0.060713451355695727,
                "e02": -0.29330453276634219,
                "e03": 0.11538401991128922,
                "e10": 0.0,
                "e11": 0.23695312440395356,
                "e12": -0.07855910062789917,
                "e13": 0.025588704273104669,
                "e20": 0.23957861959934236,
                "e21": 0.0129270413890481,
                "e22": 0.062450066208839419,
                "e23": -0.04654233157634735,
                "e30": 0.0,
                "e31": 0.0,
                "e32": 0.0,
                "e33": 1.0
            },
            "worldToScreenSpace": {
                "e00": -1.1463184356689454,
                "e01": 14.899345397949219,
                "e02": 2.502774715423584,
                "e03": 0.1497398465871811,
                "e10": -15.211103439331055,