{
    "rigToUse": 0,
    "targetFrameRate": 120,
    "reprojectionSettings": 0,
    "nativeShaderToUse": 0,
    "myOffsets": {
        "TranslationEyeToLeapMotion": {
            "x": 0.035999998450279239,
            "y": 0.07000000029802323,
            "z": 0.053352318704128268
        },
        "RotationEyeToLeapMotion": {
            "x": 0.10499999672174454,
            "y": 0.0,
            "z": 0.0,
            "w": 0.9950000047683716
        },
        "TranslationFromTracker": {
            "x": 0.0,
            "y": 0.0,
            "z": 0.0
        },
        "RotationFromTracker": {
            "x": 0.0,
            "y": 0.0,
            "z": 0.0,
            "w": 1.0
        },
        "RGBSensorTranslationFromTracker": {
            "x": 0.0010000000474974514,
            "y": -0.0017000000225380064,
            "z": -0.050999999046325687
        },
        "RGBSensorRotationFromTracker": {
            "x": 0.3269999921321869,
            "y": 0.0560000017285347,
            "z": 0.05000000074505806,
            "w": 0.9419999718666077
        }
    },
    "v2CalibrationValues": {
        "left_uv_to_rect_x": [
            -0.7410485744476318,
            1.3275268077850342,
            -0.641392171382904,
            0.3145933449268341,
            0.08366852253675461,
            0.031537607312202457,
            0.4863433539867401,
            -0.3579466640949249,
            -0.16093416512012483,
            0.8886412382125855,
            -2.159503221511841,
            1.4281343221664429,
            0.009824924170970917,
            -0.28265950083732607,
            1.0850768089294434,
            -0.6788944005966187
        ],
        "left_uv_to_rect_y": [
            -0.4954296350479126,
            0.3052310645580292,
            -0.493834912776947,
            0.0676947832107544,
            1.1379411220550538,
            -0.7383288741111755,
            1.3682390451431275,
            -0.8429166078567505,
            -0.45138442516326907,
            0.8725519776344299,
            -2.5252175331115724,
            1.878180980682373,
            0.383669912815094,
            -0.6640204191207886,
            1.7233532667160035,
            -1.2889691591262818
        ],
        "right_uv_to_rect_x": [
            -0.7743322849273682,
            1.8029544353485108,
            -0.9690426588058472,
            0.5337327122688294,
            0.05118414759635925,
            -0.2415149211883545,
            -0.6731704473495483,
            0.35422050952911379,
            0.03281991928815842,
            -0.8773959279060364,
            2.7536187171936037,
            -1.6670817136764527,
            -0.11148922890424729,
            0.7774548530578613,
            -1.9051949977874756,
            1.169219732284546
        ],
        "right_uv_to_rect_y": [
            -0.44248804450035097,
            0.2806631922721863,
            -0.3047698438167572,
            0.3835994303226471,
            1.4104931354522706,
            -2.0583605766296388,
            4.259458065032959,
            -2.9491710662841799,
            -0.8320467472076416,
            3.517972469329834,
            -8.765480041503907,
            6.392115116119385,
            0.5371946692466736,
            -2.2303199768066408,
            5.631882190704346,
            -4.058825969696045
        ],
        "left_eye_offset": [
            0.0,
            0.0
        ],
        "right_eye_offset": [
            0.0,
            0.0
        ]
    },
    "v1CalibrationValues": {
        "leftEye": {
            "ellipseMinorAxis": 0.24494899809360505,
            "ellipseMajorAxis": 0.3099985122680664,
            "screenForward": {
                "x": 0.5140379071235657,
                "y": -0.2891080379486084,
                "z": 0.8075775504112244
            },
            "screenPosition": {
                "x": -0.07188151031732559,
                "y": -0.008429261855781079,
                "z": 0.026248455047607423
            },
            "eyePosition": {
                "x": -0.029943088069558145,
                "y": -0.003366167191416025,
                "z": -0.00427968380972743
            },
            "eyeRotation": {
                "x": 7.395533370627759e-32,
                "y": 1.7763568394002506e-15,
                "z": 1.1241009818395605e-14,
                "w": 1.0
            },
            "cameraProjection": {
                "x": -0.699999988079071,
                "y": 0.699999988079071,
                "z": 0.30000001192092898,
                "w": -1.399999976158142
            },
            "sphereToWorldSpace": {
                "e00": 0.05101080238819122,
                "e01": 0.06071346998214722,
                "e02": 0.29330453276634219,
                "e03": -0.11233785003423691,
                "e10": 0.0,
                "e11": 0.23695310950279237,
                "e12": -0.07855913043022156,
                "e13": 0.026850363239645959,
                "e20": -0.23957861959934236,
                "e21": 0.012927045114338398,
                "e22": 0.062450066208839419,
                "e23": -0.046845193952322009,
                "e30": 0.0,
                "e31": 0.0,
                "e32": 0.0,
                "e33": 1.0
            },
            "worldToScreenSpace": {
                "e00": 1.8454549312591553,
                "e01": 14.493172645568848,
                "e02": 4.013805866241455,
                "e03": 0.14946463704109193,
                "e10": -14.294207572937012,
                "e11": -0.6365562677383423,
                "e12": 8.87063980102539,
                "e13": -1.265695571899414,
                "e20": 0.5140379071235657,
                "e21": -0.2891080975532532,
                "e22": 0.8075775504112244,
                "e23": 0.013315193355083466,
                "e30": 0.0,
                "e31": 0.0,
                "e32": 0.0,
                "e33": 1.0
            }
        },
        "rightEye": {
            "ellipseMinorAxis": 0.24494899809360505,
            "ellipseMajorAxis": 0.3099985122680664,
            "screenForward": {
                "x": -0.42177313566207888,
                "y": -0.18166834115982057,
                "z": 0.8883152604103088
            },
            "screenPosition": {
                "x": 0.07054391503334046,
                "y": -0.009491059929132462,
                "z": 0.028982438147068025
            },
            "eyePosition": {
                "x": 0.029943088069558145,
                "y": -0.003366167191416025,
                "z": -0.00427968380972743
            },
            "eyeRotation": {
                "x": 7.395533370627759e-32,
                "y": 1.7763568394002506e-15,
                "z": 1.1241009818395605e-14,
                "w": 1.0
            },
            "cameraProjection": {
                "x": -0.699999988079071,
                "y": 0.699999988079071,
                "z": 0.30000001192092898,
                "w": -1.399999976158142
            },
            "sphereToWorldSpace": {
                "e00": 0.05101081356406212,
                "e01": -0.060713451355695727,
                "e02": -0.29330453276634219,
                "e03": 0.11538401991128922,
                "e10": 0.0,
                "e11": 0.23695312440395356,
                "e12": -0.07855910062789917,
                "e13": 0.025588704273104669,
                "e20": 0.23957861959934236,
                "e21": 0.0129270413890481,
                "e22": 0.062450066208839419,
                "e23": -0.04654233157634735,
                "e30": 0.0,
                "e31": 0.0,
                "e32": 0.0,
                "e33": 1.0
            },
            "worldToScreenSpace": {
                "e00": -1.1463184356689454,
                "e01": 14.899345397949219,
                "e02": 2.502774715423584,
                "e03": 0.1497398465871811,
                "e10": -15.211103439331055,