{
    "rigToUse": 1,
    "targetFrameRate": 120,
    "reprojectionSettings": 0,
    "nativeShaderToUse": 0,
    "myOffsets": {
        "TranslationEyeToLeapMotion": {
            "x": 0.019999999552965165,
            "y": 0.08238893747329712,
            "z": 0.053352318704128268
        },
        "RotationEyeToLeapMotion": {
            "x": 0.12272651493549347,
            "y": 0.0014791039284318686,
            "z": -0.011960044503211975,
            "w": 0.9923673868179321
        },
        "TranslationFromTracker": {
            "x": 0.0,
            "y": 0.0,
            "z": 0.0
        },
        "RotationFromTracker": {
            "x": 0.0,
            "y": 0.0,
            "z": 0.0,
            "w": 1.0
        },
        "RGBSensorTranslationFromTracker": {
            "x": 0.0,
            "y": -0.03700000047683716,
            "z": -0.02329999953508377
        },
        "RGBSensorRotationFromTracker": {
            "x": 0.2759999930858612,
            "y": 0.0,
            "z": 0.0,
            "w": 0.9610000252723694
        }
    },
    "v2CalibrationValues": {
        "left_uv_to_rect_x": [
            -0.6273388266563416,
            0.5205822587013245,
            0.8869927525520325,
            -0.5606400966644287,
            -0.8111209869384766,
            5.849380970001221,
            -10.518771171569825,
            5.9068732261657719,
            1.6154930591583253,
            -10.716858863830567,
            19.756622314453126,
            -11.033782005310059,
            -1.10101318359375,
            6.6973042488098148,
            -11.92225456237793,
            6.661619663238525
        ],
        "left_uv_to_rect_y": [
            0.014612111262977124,
            -3.0924265384674074,
            5.959311485290527,
            -3.6331145763397219,
            -2.523038864135742,
            23.406984329223634,
            -44.705997467041019,
            25.58014678955078,
            6.833611011505127,
            -46.940860748291019,
            88.6884536743164,
            -50.40430450439453,
            -3.8484597206115724,
            27.14072608947754,
            -51.48134994506836,
            29.262659072875978
        ],
        "right_uv_to_rect_x": [
            -0.8572368621826172,
            2.0966105461120607,
            -1.4690172672271729,
            0.8073606491088867,
            0.44062986969947817,
            -2.041597366333008,
            2.349240779876709,
            -1.3453450202941895,
            -0.6286260485649109,
            2.305149555206299,
            -2.5617012977600099,
            1.301511287689209,
            0.2248779535293579,
            -0.8963100910186768,
            0.8687130212783814,
            -0.3600655496120453
        ],
        "right_uv_to_rect_y": [
            -0.45469486713409426,
            0.32017621397972109,
            -0.21689996123313905,
            0.275897741317749,
            1.3457698822021485,
            -1.2799738645553589,
            2.0974481105804445,
            -1.3283717632293702,
            -0.467009037733078,
            0.9761224389076233,
            -3.0624310970306398,
            2.492511034011841,
            0.25365403294563296,
            -0.3960970640182495,
            1.7910606861114503,
            -1.540661096572876
        ],
        "left_eye_offset": [
            0.0,
            0.0
        ],
        "right_eye_offset": [
            0.0,
            0.0
        ]
    },
    "v1CalibrationValues": {
        "leftEye": {
            "ellipseMinorAxis": 0.24494899809360505,
            "ellipseMajorAxis": 0.3099985122680664,
            "screenForward": {
                "x": 0.5140379071235657,
                "y": -0.2891080379486084,
                "z": 0.8075775504112244
            },
            "screenPosition": {
                "x": -0.07188151031732559,
                "y": -0.008429261855781079,
                "z": 0.026248455047607423
            },
            "eyePosition": {
                "x": -0.029943088069558145,
                "y": -0.003366167191416025,
                "z": -0.00427968380972743
            },
            "eyeRotation": {
                "x": 7.395533370627759e-32,
                "y": 1.7763568394002506e-15,
                "z": 1.1241009818395605e-14,
                "w": 1.0
            },
            "cameraProjection": {
                "x": -0.699999988079071,
                "y": 0.699999988079071,
                "z": 0.30000001192092898,
                "w": -1.399999976158142
            },
            "sphereToWorldSpace": {
                "e00": 0.05101080238819122,
                "e01": 0.06071346998214722,
                "e02": 0.29330453276634219,
                "e03": -0.11233785003423691,
                "e10": 0.0,
                "e11": 0.23695310950279237,
                "e12": -0.07855913043022156,
                "e13": 0.026850363239645959,
                "e20": -0.23957861959934236,
                "e21": 0.012927045114338398,
                "e22": 0.062450066208839419,
                "e23": -0.046845193952322009,
                "e30": 0.0,
                "e31": 0.0,
                "e32": 0.0,
                "e33": 1.0
            },
            "worldToScreenSpace": {
                "e00": 1.8454549312591553,
                "e01": 14.493172645568848,
                "e02": 4.013805866241455,
                "e03": 0.14946463704109193,
                "e10": -14.294207572937012,
                "e11": -0.6365562677383423,
                "e12": 8.87063980102539,
                "e13": -1.265695571899414,
                "e20": 0.5140379071235657,
                "e21": -0.2891080975532532,
                "e22": 0.8075775504112244,
                "e23": 0.013315193355083466,
                "e30": 0.0,
                "e31": 0.0,
                "e32": 0.0,
                "e33": 1.0
            }
        },
        "rightEye": {
            "ellipseMinorAxis": 0.24494899809360505,
            "ellipseMajorAxis": 0.3099985122680664,
            "screenForward": {
                "x": -0.42177313566207888,
                "y": -0.18166834115982057,
                "z": 0.8883152604103088
            },
            "screenPosition": {
                "x": 0.07054391503334046,
                "y": -0.009491059929132462,
                "z": 0.028982438147068025
            },
            "eyePosition": {
                "x": 0.029943088069558145,
                "y": -0.003366167191416025,
                "z": -0.00427968380972743
            },
            "eyeRotation": {
                "x": 7.395533370627759e-32,
                "y": 1.7763568394002506e-15,
                "z": 1.1241009818395605e-14,
                "w": 1.0
            },
            "cameraProjection": {
                "x": -0.699999988079071,
                "y": 0.699999988079071,
                "z": 0.30000001192092898,
                "w": -1.399999976158142
            },
            "sphereToWorldSpace": {
                "e00": 0.05101081356406212,
                "e01": -0.060713451355695727,
                "e02": -0.29330453276634219,
                "e03": 0.11538401991128922,
                "e10": 0.0,
                "e11": 0.23695312440395356,
                "e12": -0.07855910062789917,
                "e13": 0.025588704273104669,
                "e20": 0.23957861959934236,
                "e21": 0.0129270413890481,
                "e22": 0.062450066208839419,
                "e23": -0.04654233157634735,
                "e30": 0.0,
                "e31": 0.0,
                "e32": 0.0,
                "e33": 1.0
            },
            "worldToScreenSpace": {
                "e00": -1.1463184356689454,
                "e01": 14.899345397949219,
                "e02": 2.502774715423584,
                "e03": 0.1497398465871811,
                "e10": -15.211103439331055,
                "e11": 0.041456401348114017,