{
    "rigToUse": 0,
    "targetFrameRate": 120,
    "reprojectionSettings": 0,
    "nativeShaderToUse": 0,
    "myOffsets": {
        "TranslationEyeToLeapMotion": {
            "x": 0.019999999552965165,
            "y": 0.07000000029802323,
            "z": 0.053352318704128268
        },
        "RotationEyeToLeapMotion": {
            "x": 0.08500000089406967,
            "y": 0.0,
            "z": -0.012000000104308129,
            "w": 0.9959999918937683
        },
        "TranslationFromTracker": {
            "x": 0.0,
            "y": 0.0,
            "z": 0.0
        },
        "RotationFromTracker": {
            "x": 0.0,
            "y": 0.0,
            "z": 0.0,
            "w": 1.0
        },
        "RGBSensorTranslationFromTracker": {
            "x": -0.03500000014901161,
            "y": 0.0,
            "z": -0.02800000086426735
        },
        "RGBSensorRotationFromTracker": {
            "x": 0.257999986410141,
            "y": 0.05900000035762787,
            "z": 0.01600000075995922,
            "w": 0.9639999866485596
        }
    },
    "v2CalibrationValues": {
        "left_uv_to_rect_x": [
            -0.6252081394195557,
            0.3324834108352661,
            1.299890398979187,
            -0.8253355622291565,
            -1.0325636863708497,
            7.521162033081055,
            -13.799334526062012,
            7.8558759689331059,
            2.1261489391326906,
            -14.113080978393555,
            26.34162139892578,
            -14.930045127868653,
            -1.3233585357666016,
            8.506293296813965,
            -15.606451034545899,
            8.893977165222168
        ],
        "left_uv_to_rect_y": [
            -0.37523153424263,
            -0.34262487292289736,
            0.7635243535041809,
            -0.6682243347167969,
            0.38151007890701296,
            4.049591541290283,
            -7.806105136871338,
            4.473989486694336,
            1.0507723093032838,
            -8.660529136657715,
            15.536046981811524,
            -8.565287590026856,
            -0.492713987827301,
            4.902211666107178,
            -8.764571189880371,
            4.757476329803467
        ],
        "right_uv_to_rect_x": [
            -0.7759054899215698,
            1.748594880104065,
            -0.8957473039627075,
            0.5134794116020203,
            -0.06296022981405258,
            0.5289550423622131,
            -1.9657267332077027,
            0.9775575399398804,
            0.34445589780807497,
            -2.996290445327759,
            6.617568016052246,
            -3.72568416595459,
            -0.33747774362564089,
            2.3275089263916017,
            -4.799829483032227,
            2.7676336765289308
        ],
        "right_uv_to_rect_y": [
            -0.40155869722366335,
            0.0788295716047287,
            0.18848803639411927,
            0.03440302610397339,
            1.162545919418335,
            -0.0871603861451149,
            -0.47248953580856326,
            0.2951107323169708,
            -0.28124600648880007,
            -0.8912697434425354,
            1.6107137203216553,
            -0.6361001133918762,
            0.19606836140155793,
            0.5201933979988098,
            -0.8043093681335449,
            0.28155842423439028
        ],
        "left_eye_offset": [
            0.0,
            0.0
        ],
        "right_eye_offset": [
            0.0,
            0.0
        ]
    },
    "v1CalibrationValues": {
        "leftEye": {
            "ellipseMinorAxis": 0.24494899809360505,
            "ellipseMajorAxis": 0.3099985122680664,
            "screenForward": {
                "x": 0.5140379071235657,
                "y": -0.2891080379486084,
                "z": 0.8075775504112244
            },
            "screenPosition": {
                "x": -0.07188151031732559,
                "y": -0.008429261855781079,
                "z": 0.026248455047607423
            },
            "eyePosition": {
                "x": -0.029943088069558145,
                "y": -0.003366167191416025,
                "z": -0.00427968380972743
            },
            "eyeRotation": {
                "x": 7.395533370627759e-32,
                "y": 1.7763568394002506e-15,
                "z": 1.1241009818395605e-14,
                "w": 1.0
            },
            "cameraProjection": {
                "x": -0.699999988079071,
                "y": 0.699999988079071,
                "z": 0.30000001192092898,
                "w": -1.399999976158142
            },
            "sphereToWorldSpace": {
                "e00": 0.05101080238819122,
                "e01": 0.06071346998214722,
                "e02": 0.29330453276634219,
                "e03": -0.11233785003423691,
                "e10": 0.0,
                "e11": 0.23695310950279237,
                "e12": -0.07855913043022156,
                "e13": 0.026850363239645959,
                "e20": -0.23957861959934236,
                "e21": 0.012927045114338398,
                "e22": 0.062450066208839419,
                "e23": -0.046845193952322009,
                "e30": 0.0,
                "e31": 0.0,
                "e32": 0.0,
                "e33": 1.0
            },
            "worldToScreenSpace": {
                "e00": 1.8454549312591553,
                "e01": 14.493172645568848,
                "e02": 4.013805866241455,
                "e03": 0.14946463704109193,
                "e10": -14.294207572937012,
                "e11": -0.6365562677383423,
                "e12": 8.87063980102539,
                "e13": -1.265695571899414,
                "e20": 0.5140379071235657,
                "e21": -0.2891080975532532,
                "e22": 0.8075775504112244,
                "e23": 0.013315193355083466,
                "e30": 0.0,
                "e31": 0.0,
                "e32": 0.0,
                "e33": 1.0
            }
        },
        "rightEye": {
            "ellipseMinorAxis": 0.24494899809360505,
            "ellipseMajorAxis": 0.3099985122680664,
            "screenForward": {
                "x": -0.42177313566207888,
                "y": -0.18166834115982057,
                "z": 0.8883152604103088
            },
            "screenPosition": {
                "x": 0.07054391503334046,
                "y": -0.009491059929132462,
                "z": 0.028982438147068025
            },
            "eyePosition": {
                "x": 0.029943088069558145,
                "y": -0.003366167191416025,
                "z": -0.00427968380972743
            },
            "eyeRotation": {
                "x": 7.395533370627759e-32,
                "y": 1.7763568394002506e-15,
                "z": 1.1241009818395605e-14,
                "w": 1.0
            },
            "cameraProjection": {
                "x": -0.699999988079071,
                "y": 0.699999988079071,
                "z": 0.30000001192092898,
                "w": -1.399999976158142
            },
            "sphereToWorldSpace": {
                "e00": 0.05101081356406212,
                "e01": -0.060713451355695727,
                "e02": -0.29330453276634219,
                "e03": 0.11538401991128922,
                "e10": 0.0,
                "e11": 0.23695312440395356,
                "e12": -0.07855910062789917,
                "e13": 0.025588704273104669,
                "e20": 0.23957861959934236,
                "e21": 0.0129270413890481,
                "e22": 0.062450066208839419,
                "e23": -0.04654233157634735,
                "e30": 0.0,
                "e31": 0.0,
                "e32": 0.0,
                "e33": 1.0
            },
            "worldToScreenSpace": {
                "e00": -1.1463184356689454,
                "e01": 14.899345397949219,
                "e02": 2.502774715423584,
                "e03": 0.1497398465871811,
                "e10": -15.211103439331055,
                "e11": 0.041456401348114017,