{
    "rigToUse": 3,
    "targetFrameRate": 120,
    "reprojectionSettings": 0,
    "nativeShaderToUse": 0,
    "myOffsets": {
        "TranslationEyeToLeapMotion": {
            "x": 0.03200000151991844,
            "y": 0.07129999995231629,
            "z": 0.09989999979734421
        },
        "RotationEyeToLeapMotion": {
            "x": 0.24699999392032624,
            "y": 0.028999999165534974,
            "z": 0.007000000216066837,
            "w": 0.968999981880188
        },
        "TranslationFromTracker": {
            "x": 0.0,
            "y": 0.0,
            "z": 0.0
        },
        "RotationFromTracker": {
            "x": 0.0,
            "y": 0.0,
            "z": 0.0,
            "w": 1.0
        },
        "RGBSensorTranslationFromTracker": {
            "x": 0.0,
            "y": -0.03700000047683716,
            "z": -0.02329999953508377
        },
        "RGBSensorRotationFromTracker": {
            "x": 0.2759999930858612,
            "y": 0.0,
            "z": 0.0,
            "w": 0.9610000252723694
        }
    },
    "v2CalibrationValues": {
        "left_uv_to_rect_x": [
            -0.7632300853729248,
            0.23508360981941224,
            1.3949166536331177,
            -0.6294816732406616,
            -0.3936469852924347,
            5.159926891326904,
            -7.388257026672363,
            3.3897366523742677,
            0.8596007823944092,
            -6.564991474151611,
            9.448127746582032,
            -4.381231307983398,
            -0.7175185680389404,
            2.484525203704834,
            -3.5251529216766359,
            1.7618963718414307
        ],
        "left_uv_to_rect_y": [
            0.06487181782722473,
            -2.020272731781006,
            2.774102210998535,
            -1.37924325466156,
            -1.377620816230774,
            11.275553703308106,
            -16.66556167602539,
            8.171611785888672,
            4.47489070892334,
            -22.545259475708009,
            33.22801971435547,
            -15.829070091247559,
            -2.8444390296936037,
            15.045318603515625,
            -21.963220596313478,
            10.36506175994873
        ],
        "right_uv_to_rect_x": [
            -0.7891566157341003,
            0.30197420716285708,
            1.485511302947998,
            -0.7056815028190613,
            -0.5455996990203857,
            6.450358867645264,
            -10.01294994354248,
            4.639643669128418,
            1.448337197303772,
            -12.355757713317871,
            20.005294799804689,
            -9.530635833740235,
            -1.1468755006790162,
            6.763905048370361,
            -11.507512092590332,
            5.755905628204346
        ],
        "right_uv_to_rect_y": [
            -0.16380223631858827,
            -0.7705290913581848,
            0.8006394505500794,
            -0.3417583703994751,
            0.37438157200813296,
            2.4913032054901125,
            -1.7300032377243043,
            0.252834290266037,
            0.5805166363716126,
            -1.8937442302703858,
            -1.5302493572235108,
            2.4504783153533937,
            -0.23179197311401368,
            0.5584823489189148,
            2.3794631958007814,
            -2.366448163986206
        ],
        "left_eye_offset": [
            0.0,
            0.0
        ],
        "right_eye_offset": [
            0.0,
            0.0
        ]
    },
    "v1CalibrationValues": {
        "leftEye": {
            "ellipseMinorAxis": 0.24494899809360505,
            "ellipseMajorAxis": 0.3099985122680664,
            "screenForward": {
                "x": 0.5140379071235657,
                "y": -0.2891080379486084,
                "z": 0.8075775504112244
            },
            "screenPosition": {
                "x": -0.07188151031732559,
                "y": -0.008429261855781079,
                "z": 0.026248455047607423
            },
            "eyePosition": {
                "x": -0.029943088069558145,
                "y": -0.003366167191416025,
                "z": -0.00427968380972743
            },
            "eyeRotation": {
                "x": 7.395533370627759e-32,
                "y": 1.7763568394002506e-15,
                "z": 1.1241009818395605e-14,
                "w": 1.0
            },
            "cameraProjection": {
                "x": -0.699999988079071,
                "y": 0.699999988079071,
                "z": 0.30000001192092898,
                "w": -1.399999976158142
            },
            "sphereToWorldSpace": {
                "e00": 0.05101080238819122,
                "e01": 0.06071346998214722,
                "e02": 0.29330453276634219,
                "e03": -0.11233785003423691,
                "e10": 0.0,
                "e11": 0.23695310950279237,
                "e12": -0.07855913043022156,
                "e13": 0.026850363239645959,
                "e20": -0.23957861959934236,
                "e21": 0.012927045114338398,
                "e22": 0.062450066208839419,
                "e23": -0.046845193952322009,
                "e30": 0.0,
                "e31": 0.0,
                "e32": 0.0,
                "e33": 1.0
            },
            "worldToScreenSpace": {
                "e00": 1.8454549312591553,
                "e01": 14.493172645568848,
                "e02": 4.013805866241455,
                "e03": 0.14946463704109193,
                "e10": -14.294207572937012,
                "e11": -0.6365562677383423,
                "e12": 8.87063980102539,
                "e13": -1.265695571899414,
                "e20": 0.5140379071235657,
                "e21": -0.2891080975532532,
                "e22": 0.8075775504112244,
                "e23": 0.013315193355083466,
                "e30": 0.0,
                "e31": 0.0,
                "e32": 0.0,
                "e33": 1.0
            }
        },
        "rightEye": {
            "ellipseMinorAxis": 0.24494899809360505,
            "ellipseMajorAxis": 0.3099985122680664,
            "screenForward": {
                "x": -0.42177313566207888,
                "y": -0.18166834115982057,
                "z": 0.8883152604103088
            },
            "screenPosition": {
                "x": 0.07054391503334046,
                "y": -0.009491059929132462,
                "z": 0.028982438147068025
            },
            "eyePosition": {
                "x": 0.029943088069558145,
                "y": -0.003366167191416025,
                "z": -0.00427968380972743
            },
            "eyeRotation": {
                "x": 7.395533370627759e-32,
                "y": 1.7763568394002506e-15,
                "z": 1.1241009818395605e-14,
                "w": 1.0
            },
            "cameraProjection": {
                "x": -0.699999988079071,
                "y": 0.699999988079071,
                "z": 0.30000001192092898,
                "w": -1.399999976158142
            },
            "sphereToWorldSpace": {
                "e00": 0.05101081356406212,
                "e01": -0.060713451355695727,
                "e02": -0.29330453276634219,
                "e03": 0.11538401991128922,
                "e10": 0.0,
                "e11": 0.23695312440395356,
                "e12": -0.07855910062789917,
                "e13": 0.025588704273104669,
                "e20": 0.23957861959934236,
                "e21": 0.0129270413890481,
                "e22": 0.062450066208839419,
                "e23": -0.04654233157634735,
                "e30": 0.0,
                "e31": 0.0,
                "e32": 0.0,
                "e33": 1.0
            },
            "worldToScreenSpace": {
                "e00": -1.1463184356689454,
                "e01": 14.899345397949219,
                "e02": 2.502774715423584,
                "e03": 0.1497398465871811,
                "e10": -15.211103439331055,
                "e11": 0.041456401348114017,