{"focusDistance":0.75,"baseline":0.03200000151991844,"left_uv_to_rect_x":[-1.0646981000900269,1.7238633632659913,0.19869428873062135,-0.21160788834095,-0.07964301854372025,0.8927901983261108,-0.39387473464012148,0.17542488873004914,0.08639451116323471,-0.10914362221956253,-0.3359197676181793,0.4484131336212158,-0.009207447990775109,-0.2677784562110901,0.9164106249809265,-0.699361264705658],"left_uv_to_rect_y":[-0.6375467777252197,0.011712619103491307,-0.6887945532798767,0.16564658284187318,1.500662088394165,0.14069589972496034,0.06037735939025879,-0.38166767358779909,0.1253974288702011,-0.09625609964132309,-0.2222381979227066,0.43213433027267458,-0.033596232533454898,0.20779159665107728,-0.08683405816555023,-0.11420202255249024],"right_uv_to_rect_x":[-1.2180172204971314,2.2868850231170656,0.32425257563591006,-0.2205812931060791,0.015518520027399063,-0.25033143162727358,-0.6459810733795166,0.2837780714035034,0.08668909966945648,-0.684085488319397,1.347630500793457,-0.7526918649673462,-0.041858572512865069,0.39369359612464907,-0.8048063516616821,0.47461384534835818],"right_uv_to_rect_y":[-0.6728127002716065,-0.33667612075805666,0.9628592729568481,-0.11851709336042404,1.6209255456924439,0.9999538064002991,-1.576216220855713,0.6989359259605408,0.05747681111097336,-1.462114930152893,2.645258665084839,-1.4206780195236207,-0.0846245288848877,0.739305317401886,-1.348902702331543,0.6782905459403992],"left_eye_offset":[-0.03500000014901161,0.009999999776482582],"right_eye_offset":[0.0,0.09000000357627869],"localPositionLeapMotion":[-0.018254617229104043,0.06628198176622391,-0.006179551128298044],"localRotationLeapMotion":[0.09944704174995423,0.041510894894599918,0.008046835660934449,0.994144082069397],"localPositionRigFromTracker":[-0.0616580992937088,-0.01106644980609417,-0.17397257685661317],"localRotationRigFromTracker":[-0.21081294119358064,0.0,0.0,0.9775264263153076],"transformBetweenTrackerAndCenter":[1.0,0.0,0.0,0.0,0.0,0.9111157655715942,-0.41215044260025027,0.0,0.0,0.41215044260025027,0.911115825176239,0.0,-0.0616580992937088,-0.011066450737416745,-0.17397257685661317,1.0]}