{
    "LocalRigTranslation": {
        "x": 0.032999999821186069,
        "y": -0.017999999225139619,
        "z": -0.13099999725818635
    },
    "LocalRigRotation": {
        "x": 0.23600000143051148,
        "y": 0.0,
        "z": 0.0,
        "w": 0.972000002861023
    },
    "CameraPreviewTranslation": {
        "x": 0.0,
        "y": 0.0,
        "z": 0.0
    },
    "CameraPreviewRotation": {
        "x": 0.0,
        "y": 0.0,
        "z": 0.0
    },
    "UsesCameraPreview": false,
    "AllowsSaving": true
}