{
    "LocalRigTranslation": {
        "x": -0.008595568127930165,
        "y": 0.06644657254219055,
        "z": -0.014973229728639126
    },
    "LocalRigRotation": {
        "x": -0.16699999570846559,
        "y": 0.004999999888241291,
        "z": 0.014999999664723874,
        "w": 0.9860000014305115
    },
    "CameraPreviewTranslation": {
        "x": 0.0,
        "y": 0.0,
        "z": 0.0
    },
    "CameraPreviewRotation": {
        "x": 0.0,
        "y": 0.0,
        "z": 0.0
    },
    "UsesCameraPreview": false,
    "AllowsSaving": true
}