{
  "leftEye": {
    "ellipseMinorAxis": 0.24494899809360505,
    "ellipseMajorAxis": 0.3099985122680664,
    "screenForward": {
      "x": 0.5465584993362427,
      "y": -0.5069085359573364,
      "z": 0.6665714383125305
    },
    "screenPosition": {
      "x": -0.08609466254711151,
      "y": -0.041210029274225238,
      "z": 0.07510656863451004
    },
    "eyePosition": {
      "x": -0.04819876328110695,
      "y": -0.034279126673936847,
      "z": 0.051434170454740527
    },
    "eyeRotation": {
      "x": -2.3815922567393956e-9,
      "y": -1.0975276243385679e-9,
      "z": -1.6894294851965697e-9,
      "w": 1.0
    },
    "cameraProjection": {
      "x": -0.699999988079071,
      "y": 0.699999988079071,
      "z": 0.30000001192092898,
      "w": -1.399999976158142
    },
    "sphereToWorldSpace": {
      "e00": 0.03769363835453987,
      "e01": 0.06976677477359772,
      "e02": 0.29330453276634219,
      "e03": -0.11615147441625595,
      "e10": -0.04786926507949829,
      "e11": 0.23206748068332673,
      "e12": -0.0785590410232544,
      "e13": 0.03119080886244774,
      "e20": -0.23725038766860963,
      "e21": -0.03573917970061302,
      "e22": 0.06244998052716255,
      "e23": -0.05522951856255531,
      "e30": 0.0,
      "e31": 0.0,
      "e32": 0.0,
      "e33": 1.0
    },
    "worldToScreenSpace": {
      "e00": 3.4429519176483156,
      "e01": 12.968029975891114,
      "e02": 7.038750171661377,
      "e03": 0.3021763861179352,
      "e10": -13.569011688232422,
      "e11": -1.7245694398880005,
      "e12": 9.814491271972657,
      "e13": -1.9764217138290406,
      "e20": 0.5465583801269531,
      "e21": -0.5069084763526917,
      "e22": 0.6665717363357544,
      "e23": -0.023897862061858178,
      "e30": 0.0,
      "e31": 0.0,
      "e32": 0.0,
      "e33": 1.0
    }
  },
  "rightEye": {
    "ellipseMinorAxis": 0.24494899809360505,
    "ellipseMajorAxis": 0.309998482465744,
    "screenForward": {
      "x": -0.36184442043304446,
      "y": -0.5369332432746887,
      "z": 0.7620834708213806
    },
    "screenPosition": {
      "x": 0.0577731654047966,
      "y": -0.036454860121011737,
      "z": 0.05997995287179947
    },
    "eyePosition": {
      "x": 0.015416027046740055,
      "y": -0.032176509499549869,
      "z": 0.044745560735464099
    },
    "eyeRotation": {
      "x": -2.3815922567393956e-9,
      "y": -1.0975276243385679e-9,
      "z": -1.6894294851965697e-9,
      "w": 1.0
    },
    "cameraProjection": {
      "x": -0.699999988079071,
      "y": 0.699999988079071,
      "z": 0.30000001192092898,
      "w": -1.399999976158142
    },
    "sphereToWorldSpace": {
      "e00": 0.03832037374377251,
      "e01": -0.06942449510097504,
      "e02": -0.29330453276634219,
      "e03": 0.11615147441625595,
      "e10": 0.045777544379234317,
      "e11": 0.23248913884162904,
      "e12": -0.078559011220932,
      "e13": 0.03119080699980259,
      "e20": 0.23756258189678193,
      "e21": -0.03360128402709961,
      "e22": 0.062449969351291659,
      "e23": -0.05522953346371651,
      "e30": 0.0,
      "e31": 0.0,
      "e32": 0.0,
      "e33": 1.0
    },
    "worldToScreenSpace": {
      "e00": -2.74489688873291,
      "e01": 12.763505935668946,
      "e02": 7.689344882965088,
      "e03": 0.16266663372516633,
      "e10": -15.395031929016114,
      "e11": 0.7672277092933655,
      "e12": -6.769145488739014,
      "e13": 1.323401927947998,
      "e20": -0.3618442118167877,
      "e21": -0.5369332432746887,
      "e22": 0.762083888053894,
      "e23": -0.04437869042158127,
      "e30": 0.0,
      "e31": 0.0,
      "e32": 0.0,
      "e33": 1.0
    }
  },
  "leapTracker": {
    "name": "LeapMotion",
    "serial": "",
    "localPose": {
      "position": {
        "x": 0.0009999298490583897,
        "y": -0.06300168484449387,
        "z": 0.026000414043664933
      },
      "rotation": {
        "x": 0.14754970371723176,
        "y": 3.2080972545145417e-8,
        "z": -5.064886750005826e-7,
        "w": 0.989054799079895
      }
    }
  }
}