{
  "leftEye": {
    "ellipseMinorAxis": 0.24494899809360505,
    "ellipseMajorAxis": 0.3099985122680664,
    "screenForward": {
      "x": 0.5170655846595764,
      "y": -0.2838890254497528,
      "z": 0.8074963092803955
    },
    "screenPosition": {
      "x": -0.022814709693193437,
      "y": -0.024326449260115625,
      "z": 0.040578972548246387
    },
    "eyePosition": {
      "x": 0.01620449870824814,
      "y": -0.023162972182035447,
      "z": 0.017760898917913438
    },
    "eyeRotation": {
      "x": 1.26929064481196e-10,
      "y": -7.521464007176348e-11,
      "z": 3.5970629252979338e-10,
      "w": 1.0
    },
    "cameraProjection": {
      "x": -0.699999988079071,
      "y": 0.699999988079071,
      "z": 0.30000001192092898,
      "w": -1.399999976158142
    },
    "sphereToWorldSpace": {
      "e00": 0.03944413736462593,
      "e01": 0.050819117575883868,
      "e02": 0.29911667108535769,
      "e03": -0.07214740663766861,
      "e10": 1.8250122524321455e-9,
      "e11": 0.23947584629058839,
      "e12": -0.06516525894403458,
      "e13": 0.001867862418293953,
      "e20": -0.24175231158733369,
      "e21": 0.008291617967188359,
      "e22": 0.048803672194480899,
      "e23": -0.03393084183335304,
      "e30": 0.0,
      "e31": 0.0,
      "e32": 0.0,
      "e33": 1.0
    },
    "worldToScreenSpace": {
      "e00": 2.8581411838531496,
      "e01": 14.515068054199219,
      "e02": 3.272857189178467,
      "e03": 0.2854985296726227,
      "e10": -14.055535316467286,
      "e11": 0.684062659740448,
      "e12": 9.240697860717774,
      "e13": -0.6790102124214172,
      "e20": 0.5170654058456421,
      "e21": -0.2838888466358185,
      "e22": 0.8074962496757507,
      "e23": -0.027876676991581918,
      "e30": 0.0,
      "e31": 0.0,
      "e32": 0.0,
      "e33": 1.0
    }
  },
  "rightEye": {
    "ellipseMinorAxis": 0.24494899809360505,
    "ellipseMajorAxis": 0.3099985122680664,
    "screenForward": {
      "x": -0.39463189244270327,
      "y": -0.3130578100681305,
      "z": 0.8638637065887451
    },
    "screenPosition": {
      "x": 0.12157484143972397,
      "y": -0.019706888124346734,
      "z": 0.03165186196565628
    },
    "eyePosition": {
      "x": 0.08004996925592423,
      "y": -0.02112031728029251,
      "z": 0.013813530094921589
    },
    "eyeRotation": {
      "x": 1.26929064481196e-10,
      "y": -7.521464007176348e-11,
      "z": 3.5970629252979338e-10,
      "w": 1.0
    },
    "cameraProjection": {
      "x": -0.699999988079071,
      "y": 0.699999988079071,
      "z": 0.30000001192092898,
      "w": -1.399999976158142
    },
    "sphereToWorldSpace": {
      "e00": 0.06975392252206803,
      "e01": -0.06354042887687683,
      "e02": -0.2860761880874634,
      "e03": 0.15959468483924867,
      "e10": 0.0,
      "e11": 0.23580993711948396,
      "e12": -0.0838877260684967,
      "e13": 0.00928214006125927,
      "e20": 0.23480716347694398,
      "e21": 0.01887589693069458,
      "e22": 0.08498437702655792,
      "e23": -0.04825875163078308,
      "e30": 0.0,
      "e31": 0.0,
      "e32": 0.0,
      "e33": 1.0
    },
    "worldToScreenSpace": {
      "e00": -3.3521339893341066,
      "e01": 14.316367149353028,
      "e02": 3.6568167209625246,
      "e03": 0.5739212036132813,
      "e10": -15.013542175292969,
      "e11": -1.6141016483306885,
      "e12": -7.443454265594482,
      "e13": 2.029059648513794,
      "e20": -0.39463186264038088,
      "e21": -0.3130577802658081,
      "e22": 0.8638637065887451,
      "e23": 0.014465021900832653,
      "e30": 0.0,
      "e31": 0.0,
      "e32": 0.0,
      "e33": 1.0
    }
  },
  "leapTracker": {
    "name": "LeapMotion",
    "serial": "",
    "localPose": {
      "position": {
        "x": -0.004999995231628418,
        "y": -0.06699981540441513,
        "z": -0.006000014021992683
      },
      "rotation": {
        "x": 0.12187287956476212,
        "y": 0.0000016477455346830539,
        "z": -2.9867923245774367e-8,
        "w": 0.9925458431243897
      }
    }
  }
}