{
  "leftEye": {
    "ellipseMinorAxis": 0.24494899809360505,
    "ellipseMajorAxis": 0.3099985122680664,
    "screenForward": {
      "x": 0.5465584397315979,
      "y": -0.5069084763526917,
      "z": 0.6665716767311096
    },
    "screenPosition": {
      "x": -0.08609466254711151,
      "y": -0.04121004045009613,
      "z": 0.07510656118392945
    },
    "eyePosition": {
      "x": -0.04819876328110695,
      "y": -0.034279126673936847,
      "z": 0.051434166729450229
    },
    "eyeRotation": {
      "x": 7.574374905061632e-9,
      "y": -7.954409908528248e-10,
      "z": 5.07514863468117e-10,
      "w": 1.0
    },
    "cameraProjection": {
      "x": -0.699999988079071,
      "y": 0.699999988079071,
      "z": 0.30000001192092898,
      "w": -1.399999976158142
    },
    "sphereToWorldSpace": {
      "e00": 0.03769363835453987,
      "e01": 0.06976677477359772,
      "e02": 0.29330453276634219,
      "e03": -0.11615147441625595,
      "e10": -0.04786926507949829,
      "e11": 0.23206748068332673,
      "e12": -0.0785590410232544,
      "e13": 0.03119080886244774,
      "e20": -0.23725038766860963,
      "e21": -0.03573917970061302,
      "e22": 0.06244998052716255,
      "e23": -0.05522951856255531,
      "e30": 0.0,
      "e31": 0.0,
      "e32": 0.0,
      "e33": 1.0
    },
    "worldToScreenSpace": {
      "e00": 3.442950963973999,
      "e01": 12.968032836914063,
      "e02": 7.038747787475586,
      "e03": 0.3021765649318695,
      "e10": -13.569014549255371,
      "e11": -1.7245701551437379,
      "e12": 9.814489364624024,
      "e13": -1.9764219522476197,
      "e20": 0.5465583801269531,
      "e21": -0.5069082379341126,
      "e22": 0.6665717959403992,
      "e23": -0.023897873237729074,
      "e30": 0.0,
      "e31": 0.0,
      "e32": 0.0,
      "e33": 1.0
    }
  },
  "rightEye": {
    "ellipseMinorAxis": 0.24494899809360505,
    "ellipseMajorAxis": 0.309998482465744,
    "screenForward": {
      "x": -0.36184442043304446,
      "y": -0.5369333624839783,
      "z": 0.7620834708213806
    },
    "screenPosition": {
      "x": 0.057773176580667499,
      "y": -0.03645486384630203,
      "z": 0.05997995659708977
    },
    "eyePosition": {
      "x": 0.015416027046740055,
      "y": -0.03217650577425957,
      "z": 0.044745564460754397
    },
    "eyeRotation": {
      "x": 7.574374905061632e-9,
      "y": -7.954409908528248e-10,
      "z": 5.07514863468117e-10,
      "w": 1.0
    },
    "cameraProjection": {
      "x": -0.699999988079071,
      "y": 0.699999988079071,
      "z": 0.30000001192092898,
      "w": -1.399999976158142
    },
    "sphereToWorldSpace": {
      "e00": 0.03832037374377251,
      "e01": -0.06942449510097504,
      "e02": -0.29330453276634219,
      "e03": 0.11615147441625595,
      "e10": 0.045777544379234317,
      "e11": 0.23248913884162904,
      "e12": -0.078559011220932,
      "e13": 0.03119080699980259,
      "e20": 0.23756258189678193,
      "e21": -0.03360128402709961,
      "e22": 0.062449969351291659,
      "e23": -0.05522953346371651,
      "e30": 0.0,
      "e31": 0.0,
      "e32": 0.0,
      "e33": 1.0
    },
    "worldToScreenSpace": {
      "e00": -2.74489688873291,
      "e01": 12.763507843017579,
      "e02": 7.689346790313721,
      "e03": 0.16266660392284394,
      "e10": -15.395035743713379,
      "e11": 0.7672287821769714,
      "e12": -6.769145488739014,
      "e13": 1.3234022855758668,
      "e20": -0.36184436082839968,
      "e21": -0.5369333028793335,
      "e22": 0.7620835304260254,
      "e23": -0.044378675520420077,
      "e30": 0.0,
      "e31": 0.0,
      "e32": 0.0,
      "e33": 1.0
    }
  },
  "leapTracker": {
    "name": "LeapMotion",
    "serial": "",
    "localPose": {
      "position": {
        "x": 0.0009999237954616547,
        "y": -0.0630016177892685,
        "z": 0.026000365614891053
      },
      "rotation": {
        "x": 0.1475469022989273,
        "y": 1.0427020669112608e-7,
        "z": -5.258619353298855e-7,
        "w": 0.9890551567077637
      }
    }
  }
}