{
  "leftEye": {
    "ellipseMinorAxis": 0.24494899809360505,
    "ellipseMajorAxis": 0.3099985122680664,
    "screenForward": {
      "x": 0.5465587377548218,
      "y": -0.5069083571434021,
      "z": 0.6665714383125305
    },
    "screenPosition": {
      "x": -0.0860946923494339,
      "y": -0.04120999947190285,
      "z": 0.07510653883218765
    },
    "eyePosition": {
      "x": -0.04819876328110695,
      "y": -0.03427910804748535,
      "z": 0.05143415182828903
    },
    "eyeRotation": {
      "x": -8.564589037973747e-9,
      "y": -5.5377369356790499e-9,
      "z": 7.232424881209454e-9,
      "w": 1.0
    },
    "cameraProjection": {
      "x": -0.699999988079071,
      "y": 0.699999988079071,
      "z": 0.30000001192092898,
      "w": -1.399999976158142
    },
    "sphereToWorldSpace": {
      "e00": 0.03769363835453987,
      "e01": 0.06976677477359772,
      "e02": 0.29330453276634219,
      "e03": -0.11615147441625595,
      "e10": -0.04786926507949829,
      "e11": 0.23206748068332673,
      "e12": -0.0785590410232544,
      "e13": 0.03119080886244774,
      "e20": -0.23725038766860963,
      "e21": -0.03573917970061302,
      "e22": 0.06244998052716255,
      "e23": -0.05522951856255531,
      "e30": 0.0,
      "e31": 0.0,
      "e32": 0.0,
      "e33": 1.0
    },
    "worldToScreenSpace": {
      "e00": 3.4429478645324709,
      "e01": 12.968031883239746,
      "e02": 7.0387468338012699,
      "e03": 0.3021761476993561,
      "e10": -13.569011688232422,
      "e11": -1.7245723009109498,
      "e12": 9.81449031829834,
      "e13": -1.97642183303833,
      "e20": 0.546558678150177,
      "e21": -0.5069084167480469,
      "e22": 0.6665716171264648,
      "e23": -0.02389778010547161,
      "e30": 0.0,
      "e31": 0.0,
      "e32": 0.0,
      "e33": 1.0
    }
  },
  "rightEye": {
    "ellipseMinorAxis": 0.24494899809360505,
    "ellipseMajorAxis": 0.309998482465744,
    "screenForward": {
      "x": -0.36184412240982058,
      "y": -0.536933183670044,
      "z": 0.7620837092399597
    },
    "screenPosition": {
      "x": 0.0577731728553772,
      "y": -0.03645484521985054,
      "z": 0.05997990071773529
    },
    "eyePosition": {
      "x": 0.015416022390127182,
      "y": -0.03217650577425957,
      "z": 0.04474552720785141
    },
    "eyeRotation": {
      "x": -8.564589037973747e-9,
      "y": -5.5377369356790499e-9,
      "z": 7.232424881209454e-9,
      "w": 1.0
    },
    "cameraProjection": {
      "x": -0.699999988079071,
      "y": 0.699999988079071,
      "z": 0.30000001192092898,
      "w": -1.399999976158142
    },
    "sphereToWorldSpace": {
      "e00": 0.03832037374377251,
      "e01": -0.06942449510097504,
      "e02": -0.29330453276634219,
      "e03": 0.11615147441625595,
      "e10": 0.045777544379234317,
      "e11": 0.23248913884162904,
      "e12": -0.078559011220932,
      "e13": 0.03119080699980259,
      "e20": 0.23756258189678193,
      "e21": -0.03360128402709961,
      "e22": 0.062449969351291659,
      "e23": -0.05522953346371651,
      "e30": 0.0,
      "e31": 0.0,
      "e32": 0.0,
      "e33": 1.0
    },
    "worldToScreenSpace": {
      "e00": -2.7448983192443849,
      "e01": 12.763506889343262,
      "e02": 7.689342498779297,
      "e03": 0.1626671701669693,
      "e10": -15.395033836364746,
      "e11": 0.7672230005264282,
      "e12": -6.769142150878906,
      "e13": 1.3234013319015504,
      "e20": -0.3618442714214325,
      "e21": -0.536933183670044,
      "e22": 0.762083888053894,
      "e23": -0.04437863826751709,
      "e30": 0.0,
      "e31": 0.0,
      "e32": 0.0,
      "e33": 1.0
    }
  },
  "leapTracker": {
    "name": "LeapMotion",
    "serial": "",
    "localPose": {
      "position": {
        "x": 0.0009997882880270482,
        "y": -0.06300291419029236,
        "z": 0.026001393795013429
      },
      "rotation": {
        "x": 0.15599974989891053,
        "y": -8.478185122839932e-7,
        "z": 0.0000015866428384470055,
        "w": 0.9877570867538452
      }
    }
  }
}