{
  "leftEye": {
    "ellipseMinorAxis": 0.24494899809360505,
    "ellipseMajorAxis": 0.3099985420703888,
    "screenForward": {
      "x": 0.4169261157512665,
      "y": -0.4051283597946167,
      "z": 0.8136606812477112
    },
    "screenPosition": {
      "x": -0.07245463877916336,
      "y": -0.011476344428956509,
      "z": 0.02612643502652645
    },
    "eyePosition": {
      "x": -0.029943088069558145,
      "y": -0.005449499934911728,
      "z": -0.0013630164321511984
    },
    "eyeRotation": {
      "x": 7.395533370627759e-32,
      "y": 1.7763568394002506e-15,
      "z": 1.1241009818395605e-14,
      "w": 1.0
    },
    "cameraProjection": {
      "x": -0.699999988079071,
      "y": 0.699999988079071,
      "z": 0.30000001192092898,
      "w": -1.399999976158142
    },
    "sphereToWorldSpace": {
      "e00": 0.05101080238819122,
      "e01": 0.06071346998214722,
      "e02": 0.29330456256866457,
      "e03": -0.11640442907810211,
      "e10": 0.0,
      "e11": 0.23695310950279237,
      "e12": -0.07855913788080216,
      "e13": 0.02079315297305584,
      "e20": -0.23957861959934236,
      "e21": 0.012927045114338398,
      "e22": 0.062450069934129718,
      "e23": -0.047605961561203,
      "e30": 0.0,
      "e31": 0.0,
      "e32": 0.0,
      "e33": 1.0
    },
    "worldToScreenSpace": {
      "e00": 3.449037790298462,
      "e01": 13.836162567138672,
      "e02": 5.121825695037842,
      "e03": 0.2748723328113556,
      "e10": -14.814380645751954,
      "e11": 0.7454706430435181,
      "e12": 7.962178707122803,
      "e13": -1.2728387117385865,
      "e20": 0.41692599654197695,
      "e21": -0.4051283001899719,
      "e22": 0.8136605620384216,
      "e23": 0.004300781060010195,
      "e30": 0.0,
      "e31": 0.0,
      "e32": 0.0,
      "e33": 1.0
    }
  },
  "rightEye": {
    "ellipseMinorAxis": 0.24494899809360505,
    "ellipseMajorAxis": 0.3099985122680664,
    "screenForward": {
      "x": -0.4058595299720764,
      "y": -0.4630049467086792,
      "z": 0.7879749536514282
    },
    "screenPosition": {
      "x": 0.07184870541095734,
      "y": -0.010886255651712418,
      "z": 0.02304142899811268
    },
    "eyePosition": {
      "x": 0.029943088069558145,
      "y": -0.005449499934911728,
      "z": -0.0013630164321511984
    },
    "eyeRotation": {
      "x": 7.395533370627759e-32,
      "y": 1.7763568394002506e-15,
      "z": 1.1241009818395605e-14,
      "w": 1.0
    },
    "cameraProjection": {
      "x": -0.699999988079071,
      "y": 0.699999988079071,
      "z": 0.30000001192092898,
      "w": -1.399999976158142
    },
    "sphereToWorldSpace": {
      "e00": 0.05101081356406212,
      "e01": -0.060713451355695727,
      "e02": -0.29330453276634219,
      "e03": 0.11234831064939499,
      "e10": 0.0,
      "e11": 0.23695312440395356,
      "e12": -0.07855910062789917,
      "e13": 0.02079582028090954,
      "e20": 0.23957861959934236,
      "e21": 0.0129270413890481,
      "e22": 0.062450066208839419,
      "e23": -0.05101555958390236,
      "e30": 0.0,
      "e31": 0.0,
      "e32": 0.0,
      "e33": 1.0
    },
    "worldToScreenSpace": {
      "e00": -3.9190421104431154,
      "e01": 13.410895347595215,
      "e02": 5.861518859863281,
      "e03": 0.29251477122306826,
      "e10": -14.757072448730469,
      "e11": -0.7879489660263062,
      "e12": -8.063864707946778,
      "e13": 1.237501621246338,
      "e20": -0.4058596193790436,
      "e21": -0.4630049765110016,
      "e22": 0.7879749536514282,
      "e23": 0.005964028649032116,
      "e30": 0.0,
      "e31": 0.0,
      "e32": 0.0,
      "e33": 1.0
    }
  },
  "leapTracker": {
    "name": "Leap Odometry Origin",
    "serial": "",
    "localPose": {
      "position": {
        "x": 0.0,
        "y": 0.039777886122465137,
        "z": 0.0804821103811264
      },
      "rotation": {
        "x": 0.27482354640960696,
        "y": 0.0,
        "z": 0.0,
        "w": 0.9614946842193604
      }
    }
  }
}