{
  "leftEye": {
    "ellipseMinorAxis": 0.24494899809360505,
    "ellipseMajorAxis": 0.3099985122680664,
    "screenForward": {
      "x": 0.5140379071235657,
      "y": -0.2891080379486084,
      "z": 0.8075775504112244
    },
    "screenPosition": {
      "x": -0.07188151031732559,
      "y": -0.008429261855781079,
      "z": 0.026248455047607423
    },
    "eyePosition": {
      "x": -0.029943088069558145,
      "y": -0.003366167191416025,
      "z": -0.00427968380972743
    },
    "eyeRotation": {
      "x": 7.395533370627759e-32,
      "y": 1.7763568394002506e-15,
      "z": 1.1241009818395605e-14,
      "w": 1.0
    },
    "cameraProjection": {
      "x": -0.699999988079071,
      "y": 0.699999988079071,
      "z": 0.30000001192092898,
      "w": -1.399999976158142
    },
    "sphereToWorldSpace": {
      "e00": 0.05101080238819122,
      "e01": 0.06071346998214722,
      "e02": 0.29330453276634219,
      "e03": -0.11233785003423691,
      "e10": 0.0,
      "e11": 0.23695310950279237,
      "e12": -0.07855913043022156,
      "e13": 0.026850363239645959,
      "e20": -0.23957861959934236,
      "e21": 0.012927045114338398,
      "e22": 0.062450066208839419,
      "e23": -0.046845193952322009,
      "e30": 0.0,
      "e31": 0.0,
      "e32": 0.0,
      "e33": 1.0
    },
    "worldToScreenSpace": {
      "e00": 1.8454549312591553,
      "e01": 14.493172645568848,
      "e02": 4.013805866241455,
      "e03": 0.14946463704109193,
      "e10": -14.294207572937012,
      "e11": -0.6365562677383423,
      "e12": 8.87063980102539,
      "e13": -1.265695571899414,
      "e20": 0.5140379071235657,
      "e21": -0.2891080975532532,
      "e22": 0.8075775504112244,
      "e23": 0.013315193355083466,
      "e30": 0.0,
      "e31": 0.0,
      "e32": 0.0,
      "e33": 1.0
    }
  },
  "rightEye": {
    "ellipseMinorAxis": 0.24494899809360505,
    "ellipseMajorAxis": 0.3099985122680664,
    "screenForward": {
      "x": -0.42177313566207888,
      "y": -0.18166834115982057,
      "z": 0.8883152604103088
    },
    "screenPosition": {
      "x": 0.07054391503334046,
      "y": -0.009491059929132462,
      "z": 0.028982438147068025
    },
    "eyePosition": {
      "x": 0.029943088069558145,
      "y": -0.003366167191416025,
      "z": -0.00427968380972743
    },
    "eyeRotation": {
      "x": 7.395533370627759e-32,
      "y": 1.7763568394002506e-15,
      "z": 1.1241009818395605e-14,
      "w": 1.0
    },
    "cameraProjection": {
      "x": -0.699999988079071,
      "y": 0.699999988079071,
      "z": 0.30000001192092898,
      "w": -1.399999976158142
    },
    "sphereToWorldSpace": {
      "e00": 0.05101081356406212,
      "e01": -0.060713451355695727,
      "e02": -0.29330453276634219,
      "e03": 0.11538401991128922,
      "e10": 0.0,
      "e11": 0.23695312440395356,
      "e12": -0.07855910062789917,
      "e13": 0.025588704273104669,
      "e20": 0.23957861959934236,
      "e21": 0.0129270413890481,
      "e22": 0.062450066208839419,
      "e23": -0.04654233157634735,
      "e30": 0.0,
      "e31": 0.0,
      "e32": 0.0,
      "e33": 1.0
    },
    "worldToScreenSpace": {
      "e00": -1.1463184356689454,
      "e01": 14.899345397949219,
      "e02": 2.502774715423584,
      "e03": 0.1497398465871811,
      "e10": -15.211103439331055,
      "e11": 0.041456401348114017,
      "e12": -7.213770389556885,
      "e13": 1.2825169563293458,
      "e20": -0.42177313566207888,
      "e21": -0.18166831135749818,
      "e22": 0.8883152604103088,
      "e23": 0.002283765934407711,
      "e30": 0.0,
      "e31": 0.0,
      "e32": 0.0,
      "e33": 1.0
    }
  },
  "leapTracker": {
    "name": "Leap Odometry Origin",
    "serial": "",
    "localPose": {
      "position": {
        "x": 0.0,
        "y": 0.039777886122465137,
        "z": 0.0804821103811264
      },
      "rotation": {
        "x": 0.30401188135147097,
        "y": -0.016626091673970224,
        "z": 0.00530654564499855,
        "w": 0.9525083899497986
      }
    }
  }
}