{
    "focusDistance": 0.6399999856948853,
    "baseline": 0.06400000303983689,
    "left_uv_to_rect_x": [
        -0.6252081207408375, 0.3324834175501035, 1.2998904070852806, -0.8253355809102412, -1.0325636902559125, 7.521162072011144, -13.799334134474122, 7.85587607892546, 2.126148879412643, -14.11308059779235, 26.341620482562504, -14.93004508306992, -1.3233585157739092, 8.506293354011756, -15.60645063696842, 8.893976748742622
    ],
    "left_uv_to_rect_y": [
        -0.37523154753512805, -0.3426248772766492, 0.7635243359852394, -0.6682243585330515, 0.3815100913012029, 4.0495915950477395, -7.806105248700146, 4.4739893819163274, 1.0507722887605222, -8.660529020859077, 15.536046602791032, -8.56528801225746, -0.49271399084144335, 4.902211534650011, -8.764571172672094, 4.75747627352522
    ],
    "right_uv_to_rect_x": [
        -0.7759054969920829, 1.7485949053466223, -0.8957473186193962, 0.513479418687308, -0.06296022639525212, 0.5289550271340435, -1.9657267483600047, 0.9775575666058367, 0.34445590755552347, -2.996290352169342, 6.617568217944317, -3.725684267469736, -0.33747774122842644, 2.327508946923674, -4.799829392110841, 2.7676337761261056
    ],
    "right_uv_to_rect_y": [
        -0.4015586843756636, 0.07882957259148493, 0.18848803760749147, 0.03440302462717415, 1.1625459509021234, -0.08716038833929458, -0.47248954358872286, 0.2951107310489705, -0.28124601399724974, -0.8912697607801141, 1.6107136933981403, -0.6361001222423588, 0.19606836276429307, 0.5201933682241873, -0.8043093763378703, 0.28155841909454243
    ],
    "left_eye_offset": [
        0.0,
        0.0
    ],
    "right_eye_offset": [
        0.0,
        0.0
    ],
    "localPositionLeapMotion": [
        -0.0071618882939219479,
        0.0498756468296051,
        0.06625528633594513
    ],
    "localRotationLeapMotion": [
        0.20339667797088624,
        0.06269906461238861,
        0.004604928195476532,
        0.97707599401474
    ]
}