{
    "focusDistance": 0.6399999856948853,
    "baseline": 0.06400000303983689,
    "left_uv_to_rect_x": [
        -0.7888808383232288,
        1.4091503913742052,
        -0.7452095647376218,
        0.3489977157586459,
        0.029250828601498302,
        -0.08491141132358876,
        0.908679730404,
        -0.6465910533889944,
        -0.14196767666774712,
        1.2035748836605191,
        -3.0067008736589367,
        1.9801522289889,
        0.006704280936715767,
        -0.5018717048649152,
        1.650839986753227,
        -1.068183231147368
      ],
      "left_uv_to_rect_y": [
        -0.40274077778017586,
        0.2844603395186924,
        -0.5194648634921617,
        0.11160150193062579,
        1.1223748355380327,
        -0.9340104961081747,
        1.6474813703241427,
        -0.9976935686041211,
        -0.5481260582664751,
        1.4361469787989023,
        -3.1557570946734215,
        2.109143792827176,
        0.5079939297720224,
        -1.117712360469755,
        2.118367953700644,
        -1.3813756230580023
      ],
      "right_uv_to_rect_x": [
        -0.8673140170366184,
        1.9636198880363023,
        -1.194515037949809,
        0.6254921333436778,
        0.15801949695317397,
        -0.7314644192460804,
        0.2763615276931609,
        -0.1537132365516173,
        -0.11514311814193623,
        -0.1362300460205652,
        1.456837464801523,
        -0.978891312026956,
        -0.040028009562807,
        0.4600874733218122,
        -1.4157280854761316,
        0.9313866707220658
      ],
      "right_uv_to_rect_y": [
        -0.378141552774125,
        0.22559523176401164,
        -0.0740504379709607,
        0.1978010559542795,
        1.2405393189227742,
        -1.1202943773254843,
        1.455006536555621,
        -0.7658776722368803,
        -0.5167999955323529,
        1.2214370459724642,
        -2.3558743290407307,
        1.5813659579584094,
        0.36229440926750694,
        -0.7824420617876126,
        1.6685040427376903,
        -1.1144135200011518
      ],
    "left_eye_offset": [
        -0.17000000178813935,
        0.15000000596046449
    ],
    "right_eye_offset": [
        -0.18000000715255738,
        0.10000000149011612
    ],
    "localPositionLeapMotion": [
        -0.00814550556242466,
        0.04267236962914467,
        0.08877721428871155
    ],
    "localRotationLeapMotion": [
        0.18049824237823487,
        0.009693153202533722,
        0.012853475287556649,
        0.9834436178207398
    ]
}