{
    "focusDistance": 0.6399999856948853,
    "baseline": 0.06400000303983689,
    "left_uv_to_rect_x": [
        -0.5265979766845703,
        0.01643986441195011,
        1.7234725952148438,
        -1.013834834098816,
        -1.3745380640029908,
        9.200679779052735,
        -16.544092178344728,
        9.260011672973633,
        2.614734411239624,
        -17.104816436767579,
        31.679771423339845,
        -17.82585334777832,
        -1.542903184890747,
        10.058584213256836,
        -18.629825592041017,
        10.628406524658204
    ],
    "left_uv_to_rect_y": [
        -0.25902947783470156,
        -0.968564510345459,
        1.8419119119644166,
        -1.2220187187194825,
        -0.25873950123786929,
        8.087446212768555,
        -14.951748847961426,
        8.278338432312012,
        2.242098569869995,
        -16.45903205871582,
        29.598834991455079,
        -16.127079010009767,
        -1.2014983892440797,
        9.6776123046875,
        -17.395998001098634,
        9.397432327270508
    ],
    "right_uv_to_rect_x": [
        -0.7733678221702576,
        1.8110809326171876,
        -1.1258485317230225,
        0.6692105531692505,
        0.004765013698488474,
        -0.3655247390270233,
        0.13160884380340577,
        -0.33424150943756106,
        0.0817464143037796,
        -0.7969862818717957,
        2.0020925998687746,
        -0.9466227293014526,
        -0.1303688883781433,
        0.8436132073402405,
        -1.8613688945770264,
        1.0334315299987794
    ],
    "right_uv_to_rect_y": [
        -0.36806297302246096,
        0.0895298570394516,
        0.06029752269387245,
        0.15248888731002809,
        1.2660306692123414,
        -0.9099991321563721,
        1.4490371942520142,
        -0.9656694531440735,
        -0.6057544350624085,
        1.3245680332183838,
        -3.1659252643585207,
        2.367189884185791,
        0.4128466546535492,
        -0.936994731426239,
        2.376006603240967,
        -1.7311482429504395
    ],
    "left_eye_offset": [
        -0.17000000178813935,
        0.15000000596046449
    ],
    "right_eye_offset": [
        -0.18000000715255738,
        0.10000000149011612
    ],
    "localPositionLeapMotion": [
        -0.00814550556242466,
        0.04267236962914467,
        0.08877721428871155
    ],
    "localRotationLeapMotion": [
        0.18049824237823487,
        0.009693153202533722,
        0.012853475287556649,
        0.9834436178207398
    ]
}